seniority_3,inflow_rate_pct,outflow_rate_pct
Entry,69.61780083203179,50.90486418494773
Mid,76.52597618352438,51.65519883948962
Senior,85.65569313341715,63.916379604992485
