role,pct_change
Environmental Engineer,34.60725276200129
Renewable Energy Engineer,23.257871916134945
Clinical Research Coordinator,22.494155839929736
Research Scientist,16.837224776071928
Research Scholar,16.592946662365136
Construction Engineer,9.267573236643694
Technician,8.945023677059408
